{
  "EN": {
    "BACK": "🔙Back",
    "SUBSCRIPTION_STATUS": "📊Subscription Status",
    "YES": "✅Yes",
    "NO": "❌No",
    "CONFIGS_DIR": "Configs",
    "CONFIGS_SUB_AUTO": "Auto Subscription",
    "CONFIGS_SUB": "Subscription Link",
    "CONFIGS_SUB_B64": "Subscription Link b64",
    "CONFIGS_CLASH": "Clash Subscription",
    "CONFIGS_HIDDIFY": "Hiddify Subscription",
    "CONFIGS_SING_BOX": "Sing-box",
    "CONFIGS_FULL_SING_BOX": "Full Sing-box",
    "UNLINK_SUBSCRIPTION": "⭕️Unlink Subscription",
    "BUY_SUBSCRIPTION": "💳Buy Subscription",
    "BUY_PLAN": "💳Card",
    "BUY_FROM_WALLET": "💰From wallet",
    "SEND_SCREENSHOT": "✅I paid, send receipt",
    "CANCEL": "❌Cancel",
    "CONFIRM_PAYMENT": "✅Confirm Payment",
    "LINK_SUBSCRIPTION": "🔗Link Subscription",
    "MANUAL": "📚Manual",
    "MANUAL_ANDROID": "Android Manual",
    "MANUAL_IOS": "IOS Manual",
    "MANUAL_WIN": "Windows Manual",
    "MANUAL_MAC": "Mac Manual",
    "MANUAL_LIN": "Linux Manual",
    "SEND_TICKET": "📩Supporter",
    "SEND_TICKET_TO_SUPPORT": "📩Send Message To Support",
    "ANSWER": "Answer",
    "TO_QR": "ً🖼QR",
    "CONFIGS_LIST": "📝Configs",
    "WALLET": "💰Wallet",
    "INCREASE_WALLET_BALANCE": "💵Increase wallet balance",
    "FREE_TEST": "🔥Free Test",
    "RENEWAL_SUBSCRIPTION": "🔄Renewal Subscription",
    "UPDATE_SUBSCRIPTION_INFO": "🔄Update Subscription Info",
    "JOIN_CHANNEL": "📢Join Channel",
    "FORCE_JOIN_CHANNEL_ACCEPTED": "✅I joined",
    "SEND_MESSAGE": "Send Message",
    "FAQ": "⁉FAQ"
  },
  "FA": {
    "BACK": "🔙 گەڕانەوە",
    "SUBSCRIPTION_STATUS": "📊 دۆخی هەژمار",
    "YES": "✅ بەڵێ",
    "NO": "❌ نەخێر",
    "CONFIGS_DIR": "لینکی هەژماری ڕاستەوخۆ",
    "CONFIGS_SUB_AUTO": "لینکی هەژماری خۆکار",
    "CONFIGS_SUB": "لینکی هەژمار بۆ ئەندرۆید",
    "CONFIGS_SUB_B64": "لینکی هەژمار بۆ ئایفۆن",
    "CONFIGS_CLASH": "Clash",
    "CONFIGS_HIDDIFY": "هەژماری Hiddify",
    "CONFIGS_SING_BOX": "Sing-box",
    "CONFIGS_FULL_SING_BOX": "Full Sing-box",
    "UNLINK_SUBSCRIPTION": "⭕ لابردنی هەژمار",
    "BUY_SUBSCRIPTION": "💳 کڕینی هەژمار",
    "BUY_PLAN": "💳 کارت به کارت",
    "BUY_FROM_WALLET": "💰 پارەدان لە ڕێگەی جزدانی پارە",
    "SEND_SCREENSHOT": "✅ پارەکەم نارد، ناردنی ڕەسید",
    "CANCEL": "❌لغو",
    "CONFIRM_PAYMENT": "✅ دووپاتکردنەوە",
    "LINK_SUBSCRIPTION": "🔗 پێوەکردنی هەژمار",
    "MANUAL": "📚 یارمەتی",
    "MANUAL_ANDROID": "یارمەتی بۆ ئەندرۆید",
    "MANUAL_IOS": "یارمەتی بۆ IOS",
    "MANUAL_WIN": "یارمەتی بۆ ویندۆوز",
    "MANUAL_MAC": "یارمەتی بۆ مەک",
    "MANUAL_LIN": "یارمەتی بۆ لینوکس",
    "SEND_TICKET": "📩 بەڕێوەبەر",
    "SEND_TICKET_TO_SUPPORT": "📤 ناردنی نامە بۆ بەڕێوەبەر",
    "ANSWER": "📤 وڵامدانەوە",
    "TO_QR": "ً🖼 کیو ئار کۆد",
    "CONFIGS_LIST": "📝 کانفیگەکان",
    "WALLET": "💰 جزدانی پارە",
    "INCREASE_WALLET_BALANCE": "💵 زۆرکردنی باڵانس",
    "FREE_TEST": "🔥 هەژماری تیست",
    "RENEWAL_SUBSCRIPTION": "♾ درێژکردنەوەی هەژمار",
    "UPDATE_SUBSCRIPTION_INFO": "🔄 نوێکردنەوەی هەژمار",
    "JOIN_CHANNEL": "📢 بەشداری کردن لە چەنێڵی تێلێگرام",
    "FORCE_JOIN_CHANNEL_ACCEPTED": "✅ بەشداریم کرد",
    "SEND_MESSAGE": "📤 ناردنی پەیام",
    "FAQ": "⁉ پرسیارە باوەکان"
  }
}