{
    "EN": {
        "WELCOME": "Welcome to users bot",
        "INFO_USER": "📄Your Subscription Info",
        "SUBSCRIPTION_STATUS": "☑️Status:",
        "ACTIVE_SUBSCRIPTION_STATUS": "🟢 Active",
        "DEACTIVE_SUBSCRIPTION_STATUS": "🔴 Deactive",
        "SERVER": "📡Server:",
        "INFO_USAGE": "📊Usage:",
        "INFO_REMAINING_DAYS": "⏳Remaining Days:",
        "INFO_ID": "🔑UUID:",
        "OF": "of",
        "GB": "GB",
        "DAY_EXPIRE": "Days",
        "CONFIRM_SUBSCRIPTION_QUESTION": "Is this your subscription?",
        "NAME": "Name:",
        "CANCEL_SUBSCRIPTION": "Subscription not confirmed",
        "SUBSCRIPTION_CONFIRMED": "Your subscription has been confirmed. Now you can get your subscription status.",
        "WAIT": "Please wait...",
        "UNKNOWN_ERROR": "Unknown error!",
        "ENTER_SUBSCRIPTION_INFO": "Please enter your subscription info\n One of the configs, uuid or subscription link",
        "SUBSCRIPTION_INFO_NOT_FOUND": "Subscription info not found!",
        "SUBSCRIPTION_UNLINKED": "Subscription unlinked!",
        "USER_NOT_FOUND": "User not found!",
        "USER_NAME": "👤Name:",
        "PLANS_LIST": "📋Plans List:",
        "SERVERS_LIST": "🖥Server List:",
        "PLANS_NOT_FOUND": "Plans not found!",
        "SERVERS_NOT_FOUND": "Servers not found!",
        "PLAN_ADD_NAME": "Please enter your name:",
        "SUBSCRIPTION_SUCCESS_ADDED": "Your subscription has been successfully added.",
        "PLAN_INFO": "📄Plan Info:",
        "PLAN_INFO_SIZE": "Size:",
        "PLAN_INFO_DAYS": "Days:",
        "PLAN_INFO_PRICE": "Price:",
        "PLAN_INFO_DESC": "Description:",
        "TOMAN": "T",
        "RIAL": "R",
        "REQUEST_SEND_SCREENSHOT": "Please send your payment receipt.",
        "ERROR_TYPE_SEND_SCREENSHOT": "Please send your payment receipt as a photo!",
        "REQUEST_SEND_NAME": "Please send your name.",
        "NO_SUBSCRIPTION": "You have no subscription!",
        "WAIT_FOR_ADMIN_CONFIRMATION": "✅Your subscription is waiting for confirmation by the admin.\nPlease wait...",
        "NEW_PAYMENT_RECEIVED": "New payment received",
        "PAYMENT_ASK_TO_CONFIRM": "Do you want to confirm this payment?",
        "REQUEST_SEND_TO_QR": "Please send your config or subscription link:",
        "REQUEST_SEND_TO_QR_ERROR": "Please send your config or subscription!",
        "USER_CONFIGS_LIST": "📋Your Configs:",
        "USER_CONFIGS_NOT_FOUND": "Configs not found!",
        "ERROR_CONFIG_NOT_FOUND": "Config not found!",
        "ERROR_INVALID_COMMAND": "Invalid command!",
        "ALREADY_SUBSCRIBED": "You are already subscribed!",
        "ERROR_INVALID_NUMBER": "Invalid number!",
        "CANCELED": "Cancelled!",
        "SUBSCRIPTION_NOT_FOUND": "Subscription not found!",
        "ZERO_BALANCE": "🔻Your wallet balance is zero",
        "WALLET_INFO_PART_1": "🔻Your wallet balance is",
        "WALLET_INFO_PART_2": "",
        "INCREASE_WALLET_BALANCE_AMOUNT": "🔻Please enter the amount that you want to charge your wallet in Tomans",
        "MINIMUM_DEPOSIT_AMOUNT": "🔻Please enter an amount more than",
        "LACK_OF_WALLET_BALANCE": "❌Your wallet balance is not enough\nplease top up your wallet",
        "ORDER_ID": "Payment number:",
        "PAYMENT_CONFIRMED": "✅Payment confirmed",
        "ALREADY_RECEIVED_FREE": "You have already received your free test account!",
        "GET_FREE_CONFIRMED": "✅Your free account has been successfully registered",
        "SUCCESSFUL_RENEWAL": "✅Your subscription has been successfully renewed",
        "REQUEST_START": "Please update the bot with /start command",
        "CANCEL_INCREASE_WALLET_BALANCE": "❌Increase balance not confirmed",
        "REQUEST_JOIN_CHANNEL": "Please join our channel to use the bot",
        "ADMIN_NOTIFY_NEW_SUB" : "A new subscription was registered with the name of:",
        "ADMIN_NOTIFY_CONFIRM" : "",
        "ADMIN_NOTIFY_NEW_FREE_TEST" : "A new free tesst subscription was registered with the name of:",
        "ADMIN_NOTIFY_NEW_RENEWAL" : "",
        "ADMIN_NOTIFY_NEW_RENEWAL_2" : "subscription was extended",
        "FREE_TEST_NOT_AVAILABLE" : "Free test is not available at the moment",
        "REQUEST_SELECT_OS_MANUAL": "📥Please select your operating system:",
        "MANUAL_ANDROID": "\uD83D\uDCE5Android:\n<a href='https://play.google.com/store/apps/details?id=com.v2ray.ang'>V2RayNG</a>\n<a href='https://play.google.com/store/apps/details?id=ang.hiddify.com'>HiddifyNG</a>",
        "MANUAL_IOS": "\uD83D\uDCE5iOS:\n<a href='https://apps.apple.com/us/app/streisand/id6450534064'>Streisand</a>\n<a href='https://apps.apple.com/us/app/foxray/id6448898396'>Foxray</a>\n<a href='https://apps.apple.com/us/app/v2box-v2ray-client/id6446814690'>V2box</a>",
        "MANUAL_WIN": "\uD83D\uDCE5Windows:\n<a href='https://github.com/MatsuriDayo/nekoray/releases'>Nekoray</a>\n<a href='https://github.com/2dust/v2rayN/releases'>V2rayN</a>\n<a href='https://github.com/hiddify/HiddifyN/releases'>HiddifyN</a>",
        "MANUAL_LIN": "📥Linux:<a href='https://github.com/MatsuriDayo/nekoray/releases'>Nekoray</a>",
        "MANUAL_MAC": "📥Mac:<a href='https://github.com/MatsuriDayo/nekoray/releases'>Nekoray</a>",
        "MANUAL_HDR": "⭕Connection Guide",
        "WELCOME_TO_ADMIN": "Users bot has been successfully launched.\nPlease send /start command to start working.",
        "BUY_SUBSCRIPTION_CLOSED": "Buy subscription is not available at the moment.",
        "RENEWAL_SUBSCRIPTION_CLOSED": "Renewal subscription is not available at the moment.",
        "INFO_USER_NAME": "⬖ User:",
        "INFO_USER_USERNAME": "⬖ Username:",
        "INFO_USER_NUM_ID": "⬖ User ID:",
        "ANSWER_TO_ADMIN": "Please submit your answer:",
        "MESSAGE_SENDED": "Message Sended",
        "NOT_SET":"Not set",
        "JOIN_CHANNEL_SUCCESSFUL":"Join channel successful",
        "SEND_TICKET_TO_ADMIN": "Please submit your question:",
        "SEND_TICKET_TO_ADMIN_RESPONSE": "✅Your message has been sent to support\n⏳We will respond as soon as possible.",
        "SEND_TICKET_TO_ADMIN_TEMPLATE":"Do you have any questions?\nContact us.",
        "NEW_TICKET_RECEIVED": "📩New ticket received",
        "TICKET_TEXT": "📄Ticket text:",
        "SERVER_IS_FULL": "⛔️The capacity of the selected server is full\nPlease select another server\nWe will try to increase the capacity of the servers as soon as possible",
        "BANNED_USER": "⛔️You are banned from using the bot"
    },
    "FA": {
        "WELCOME": "بەخێربێن بۆ ڕۆباتی بەکارهێنەران VPN",
        "INFO_USER": "📄 وردەکاریی هەژماتەکەت",
        "SUBSCRIPTION_STATUS": "❔ دۆخ:",
        "ACTIVE_SUBSCRIPTION_STATUS": "🟢 چالاک",
        "DEACTIVE_SUBSCRIPTION_STATUS": "🔴 نا چالاک",
        "SERVER": "📡 Server:",
        "INFO_USAGE": "📊 ڕادەی بەکارهێنان:",
        "INFO_REMAINING_DAYS": "⏳ کاتی ماوە:",
        "INFO_ID": "🔑 پێناسە:",
        "OF": "لە",
        "GB": "گیگ",
        "DAY_EXPIRE": "ڕۆژ",
        "CONFIRM_SUBSCRIPTION_QUESTION": "ئایا ئەمە هەژماری ئێوەیە؟",
        "NAME": "ناو:",
        "CANCEL_SUBSCRIPTION": "❌ هەژمار پشتڕاست نەکرایەوە",
        "SUBSCRIPTION_CONFIRMED": "✅ هەژمارەکەت بە سەرکەوتوویی پەسەند کرا، ئێستا ئەتوانی دۆخی هەژمار ببینی",
        "WAIT": "چاوەڕێ بە ...",
        "UNKNOWN_ERROR": "❌ هەڵەیەک ڕوویدا",
        "ENTER_SUBSCRIPTION_INFO": "تکایە وردەکاری هەژمارەکەت داخڵ بکە.\nیەکێک لە کانفیگەکان، uuid لینکی هەژمار⬇️",
        "SUBSCRIPTION_INFO_NOT_FOUND": "❌ وردەکاری هەژمار نەدۆزرایەوە!",
        "USER_NOT_FOUND": "❌ بەکارهێنەر نەدۆزرایەوە.",
        "SUBSCRIPTION_UNLINKED": "✅ هەژمار لە ڕۆبات لادرا",
        "USER_NAME": "👤 ناو:",
        "PLANS_LIST": "📋 پلانەکان",
        "SERVERS_LIST": "📡 لیستی Server",
        "PLANS_NOT_FOUND": "❌ پلانێک نەدۆزرایەوە!",
        "SERVERS_NOT_FOUND": "❌ Server نەدۆزرایەوە",
        "PLAN_ADD_NAME": "تکایە ناوی خۆتان بنووسن: ",
        "SUBSCRIPTION_SUCCESS_ADDED": "✅ هەژمارەکەت بە سەرکەوتوویی پەسەندکرا.",
        "PLAN_INFO": "📋 وردەکاری پلانی هەڵبژێردراو",
        "PLAN_INFO_SIZE": "📊 قەبارە:",
        "PLAN_INFO_PRICE": "💰 نرخ:",
        "PLAN_INFO_DAYS": "📆 کات:",
        "PLAN_INFO_DESC": "✏️ وردەکاری:",
        "TOMAN": "تمەن",
        "RIAL": "دۆلار",
        "REQUEST_SEND_SCREENSHOT": "تکایە ڕەسیدی پارەناردن بە وێنە بنێرە:",
        "ERROR_TYPE_SEND_SCREENSHOT": "⬇ تکایە ڕەسیدی پارەناردن بە وێنە بنێرە:",
        "REQUEST_SEND_NAME": "⬇️ تکایە ناوی خۆتان بنووسن:",
        "NO_SUBSCRIPTION": "❌ ئێوە هیچ هەژمارێکتان نییە!",
        "WAIT_FOR_ADMIN_CONFIRMATION": "✅ ڕەسیدەکەتان بەڕێوەبەر پەسەندی ئەکات.\nچاوەڕوان بە.",
        "NEW_PAYMENT_RECEIVED": "ڕەسیدی نوێ وەرگیرا",
        "PAYMENT_ASK_TO_CONFIRM": "ئایا ئەم ڕەسیدە پەسەن ئەکەن؟",
        "REQUEST_SEND_TO_QR": "تکایە کانفیگ یان لینکی هەژمار بنێرن:",
        "REQUEST_SEND_TO_QR_ERROR": "تێکستی نێردراو دروست نییە\nتکایە لینکی کانفیگ یا هەژمار بە شێوەی تێکست بنێرە!",
        "USER_CONFIGS_LIST": "📋 لیستی کانفیگەکانت",
        "USER_CONFIGS_NOT_FOUND": "❌ کانفیگ نەدۆزرایەوە!",
        "ERROR_CONFIG_NOT_FOUND": "❌ کانفیگ نەدۆزرایەوە!",
        "ERROR_INVALID_COMMAND": "❌ فەرمان نەناسراو!",
        "ALREADY_SUBSCRIBED": "❌ هەژمارەکەت پێشتر زیاکراوە.",
        "ERROR_INVALID_NUMBER": "❌ تکایە بە شێوەی ژمارە بینێرە!",
        "CANCELED": "❌ هەڵوەشایەوە",
        "SUBSCRIPTION_NOT_FOUND": "❌ ئێوە هەژماری چالاکتان نییە!",
        "ZERO_BALANCE": "🔻 باڵانسەکەت سفرە",
        "WALLET_INFO_PART_1": "🔻 باڵانسی جزدانی پارەی ئێوە",
        "WALLET_INFO_PART_2": "تمەنە",
        "INCREASE_WALLET_BALANCE_AMOUNT": "🔻 تکایە بڕی ئەو پارەیەی کە ئەتەنوێ شارژ بکەنەوە داخڵ بکە",
        "MINIMUM_DEPOSIT_AMOUNT": "❗کەمترین بڕی شارژکردنەوە",
        "LACK_OF_WALLET_BALANCE": "❌ پارەی ناو جزدانەکەت بەش ناکا\n⬇️ تکایە لە ڕێی ئەم دوگمەی خوارەوە باڵانسەکەت شارژ بکەرەوە",
        "ORDER_ID": "پێناسەی (تراکنش)",
        "PAYMENT_CONFIRMED": "پارەدانەکەت پەسەندکرا \n لە ڕێگەی دوگمەی [📊 دۆخی هەژمار] ئەتوانی وردەکاریی  هەژمارەکەت ببینی.",
        "ALREADY_RECEIVED_FREE": "پێشتر هەژماری خۆڕاییت بەکار هێناوە!",
        "GET_FREE_CONFIRMED": "✅ هەژمارەکەت پەسەندکرا \n لە ڕێگەی دوگمەی [📊 دۆخی هەژمار] ئەتوانی وردەکاریی  ببینی.",
        "SUCCESSFUL_RENEWAL": "✅تمدید اشتراک شما با موفقیت انجام شد",
        "REQUEST_START": " تکایە بۆ دەستپێکی کارکردن بە ڕۆبات /start بنێرە",
        "CANCEL_INCREASE_WALLET_BALANCE": "❌ شارژکردنەوەی جزدان هەڵوەشێندرایەوە",
        "REQUEST_JOIN_CHANNEL": "بۆ بەکارهێنانی ڕۆبات بەشدار بە لە چەنێڵەکەمان",
        "ADMIN_NOTIFY_NEW_SUB" : "👤 هەژمارێکی نوێ بە ناوی",
        "ADMIN_NOTIFY_CONFIRM" : "تۆمار کرا",
        "ADMIN_NOTIFY_NEW_FREE_TEST" : "هەژمارێکی خۆڕایی بە ناوی",
        "ADMIN_NOTIFY_NEW_RENEWAL_2" : "درێژکرایەوە",
        "ADMIN_NOTIFY_NEW_RENEWAL" : "هەژمار",
        "FREE_TEST_NOT_AVAILABLE" : "هەژماری خۆڕایی لە ئێستایا بەردەست نییە",
        "REQUEST_SELECT_OS_MANUAL": "📥 تکایە ئامێرەکەتان هەڵبژێرن:",
        "MANUAL_ANDROID": "\uD83D\uDCE5Android:\n<a href='https://play.google.com/store/apps/details?id=com.v2ray.ang'>V2RayNG</a>\n<a href='https://play.google.com/store/apps/details?id=ang.hiddify.com'>HiddifyNG</a>",
        "MANUAL_IOS": "\uD83D\uDCE5iOS:\n<a href='https://apps.apple.com/us/app/streisand/id6450534064'>Streisand</a>\n<a href='https://apps.apple.com/us/app/foxray/id6448898396'>Foxray</a>\n<a href='https://apps.apple.com/us/app/v2box-v2ray-client/id6446814690'>V2box</a>",
        "MANUAL_WIN": "\uD83D\uDCE5Windows:\n<a href='https://github.com/MatsuriDayo/nekoray/releases'>Nekoray</a>\n<a href='https://github.com/2dust/v2rayN/releases'>V2rayN</a>\n<a href='https://github.com/hiddify/HiddifyN/releases'>HiddifyN</a>",
        "MANUAL_LIN": "📥Linux:\n<a href='https://github.com/MatsuriDayo/nekoray/releases'>Nekoray</a>",
        "MANUAL_MAC": "📥Mac:\n<a href='https://github.com/MatsuriDayo/nekoray/releases'>Nekoray</a>",
        "MANUAL_HDR": "تکایە ئامێرەکەتان هەڵبژێرن",
        "WELCOME_TO_ADMIN": "ربات کاربران هیدی بات با موفقیت راه‌اندازی شد.\nبرای شروع کار، دستور /start را ارسال کنید.",
        "BUY_SUBSCRIPTION_CLOSED": "لە ئێستایا کڕینی هەژمار بەردەست نییە.",
        "RENEWAL_SUBSCRIPTION_CLOSED": "لە ئێستایا درێژکردنەوەی ماوەی هەژمار بەردەست نییە.",
        "INFO_USER_NAME": "⬖ بەکارهێنەر:",
        "INFO_USER_USERNAME": "⬖ ناوی بەکارهێنەر:",
        "INFO_USER_NUM_ID": "⬖ پێناسەی بەکارهێنەر:",
        "ANSWER_TO_ADMIN": "تکایە وەڵامەکەتان بنێرن:",
        "MESSAGE_SENDED": "پەیامەکەتان نێردرا",
        "NOT_SET": "ڕێک نەخراوە",
        "JOIN_CHANNEL_SUCCESSFUL": "✅ بەشداریکردنت لە چەنێل تۆمارکرا",
        "SEND_TICKET_TO_ADMIN": "📞 هەر پرسیارێکتان هەیە بە پەیامێک بۆمان بنێرن:",
        "SEND_TICKET_TO_ADMIN_RESPONSE": "✅ پەیامەکەت بە سەرکەوتوویی نێردرا\n⏳ بە زووترین کات وەڵامتان ئەدەینەوە.",
        "SEND_TICKET_TO_ADMIN_TEMPLATE":"پێویستت بە یارمەتیە؟\nلەگەڵ ئێمە لە پەیوەندیا بن.",
        "NEW_TICKET_RECEIVED": "📩 پرسیاری نوێ هات",
        "TICKET_TEXT": "📄 دەقی پرسیار:",
        "SERVER_IS_FULL": "⛔️ لەم کانفیگە جێ نەماوە پڕ بووە\nتکایە کانفیگێکی تر هەڵبژێرە\nلە هەوڵ داین کە کانفیگی نوێ زیا بکەین",
        "BANNED_USER": "⛔️ بەداخەوە تۆ ناتوانی ئەم خزمەتگوزارییە بەکاربێنی"
    }
}